t,n,phi,pmiss,convergence,true.R,true.effect,true.mu,true.phi,"bias.mean Cov[1,1]","bias.mean Cov[2,1]","bias.mean Cov[3,1]","bias.mean Cov[1,2]","bias.mean Cov[2,2]","bias.mean Cov[3,2]","bias.mean Cov[1,3]","bias.mean Cov[2,3]","bias.mean Cov[3,3]",bias.mean R,bias.mean mu.D,bias.mean beta1,bias.mean beta2,bias.mean effect,bias.mean mu.M,bias.mean phi,bias.mean r1,bias.mean r2,bias.mean sigma2,"bias.median Cov[1,1]","bias.median Cov[2,1]","bias.median Cov[3,1]","bias.median Cov[1,2]","bias.median Cov[2,2]","bias.median Cov[3,2]","bias.median Cov[1,3]","bias.median Cov[2,3]","bias.median Cov[3,3]",bias.median R,bias.median mu.D,bias.median beta1,bias.median beta2,bias.median effect,bias.median mu.M,bias.median phi,bias.median r1,bias.median r2,bias.median sigma2,"bias.mode Cov[1,1]","bias.mode Cov[2,1]","bias.mode Cov[3,1]","bias.mode Cov[1,2]","bias.mode Cov[2,2]","bias.mode Cov[3,2]","bias.mode Cov[1,3]","bias.mode Cov[2,3]","bias.mode Cov[3,3]",bias.mode R,bias.mode mu.D,bias.mode beta1,bias.mode beta2,bias.mode effect,bias.mode mu.M,bias.mode phi,bias.mode r1,bias.mode r2,bias.mode sigma2,"cover.qbp Cov[1,1]","cover.qbp Cov[2,1]","cover.qbp Cov[3,1]","cover.qbp Cov[1,2]","cover.qbp Cov[2,2]","cover.qbp Cov[3,2]","cover.qbp Cov[1,3]","cover.qbp Cov[2,3]","cover.qbp Cov[3,3]",cover.qbp R,cover.qbp mu.D,cover.qbp beta1,cover.qbp beta2,cover.qbp effect,cover.qbp mu.M,cover.qbp phi,cover.qbp r1,cover.qbp r2,cover.qbp sigma2," cover.hpd Cov[1,1]"," cover.hpd Cov[2,1]"," cover.hpd Cov[3,1]"," cover.hpd Cov[1,2]"," cover.hpd Cov[2,2]"," cover.hpd Cov[3,2]"," cover.hpd Cov[1,3]"," cover.hpd Cov[2,3]"," cover.hpd Cov[3,3]", cover.hpd R, cover.hpd mu.D, cover.hpd beta1, cover.hpd beta2, cover.hpd effect, cover.hpd mu.M, cover.hpd phi, cover.hpd r1, cover.hpd r2, cover.hpd sigma2,ci.R,ci.effect,ci.mu.M,ci.phi,"rmse.mean Cov[1,1]","rmse.mean Cov[2,1]","rmse.mean Cov[3,1]","rmse.mean Cov[1,2]","rmse.mean Cov[2,2]","rmse.mean Cov[3,2]","rmse.mean Cov[1,3]","rmse.mean Cov[2,3]","rmse.mean Cov[3,3]",rmse.mean R,rmse.mean mu.D,rmse.mean beta1,rmse.mean beta2,rmse.mean effect,rmse.mean mu.M,rmse.mean phi,rmse.mean r1,rmse.mean r2,rmse.mean sigma2,"rmse.median Cov[1,1]","rmse.median Cov[2,1]","rmse.median Cov[3,1]","rmse.median Cov[1,2]","rmse.median Cov[2,2]","rmse.median Cov[3,2]","rmse.median Cov[1,3]","rmse.median Cov[2,3]","rmse.median Cov[3,3]",rmse.median R,rmse.median mu.D,rmse.median beta1,rmse.median beta2,rmse.median effect,rmse.median mu.M,rmse.median phi,rmse.median r1,rmse.median r2,rmse.median sigma2,"rmse.mode Cov[1,1]","rmse.mode Cov[2,1]","rmse.mode Cov[3,1]","rmse.mode Cov[1,2]","rmse.mode Cov[2,2]","rmse.mode Cov[3,2]","rmse.mode Cov[1,3]","rmse.mode Cov[2,3]","rmse.mode Cov[3,3]",rmse.mode R,rmse.mode mu.D,rmse.mode beta1,rmse.mode beta2,rmse.mode effect,rmse.mode mu.M,rmse.mode phi,rmse.mode r1,rmse.mode r2,rmse.mode sigma2
17,100,1.570796327,0.1,1,1.048872696,0.180490101,-0.40010412,1.627954547,0.019719372,-0.003293943,-0.135495316,-0.003293943,0.572513259,-0.253890214,-0.135495316,-0.253890214,0.601220939,0.008889435,-0.004958672,0.001983618,1.77E-05,-0.003116911,-0.005463271,-0.002698789,6.29578E+12,-0.000444286,-0.010705836,0.005634231,-0.028891194,-0.143698743,-0.028891194,0.537322583,-0.274941776,-0.143698743,-0.274941776,0.564797974,0.008920812,-0.004202271,0.002490455,-0.000141311,-0.003087769,-0.005389302,-0.002681485,7.04E+12,-0.00040125,-0.011774407,-0.018960989,-0.05647451,-0.168599613,-0.05647451,0.474316041,-0.311399072,-0.168599613,-0.311399072,0.499882394,0.008977769,-0.004982227,0.003996239,-0.001744298,-0.002752968,-0.005492574,-0.00270965,1.23206E+13,-0.00012752,-0.013531228,0.95505618,0.974157303,0.979775281,0.974157303,0.495505618,0.985393258,0.979775281,0.985393258,0.468539326,0.84494382,0.942696629,0.962921348,0.973033708,0.868539326,0.320224719,0.78988764,0.971910112,0.97752809,0.948314607,0.975280899,0.987640449,0.996629213,0.987640449,0.751685393,0.994382022,0.996629213,0.994382022,0.720224719,0.896629213,0.962921348,0.982022472,0.993258427,0.908988764,0.361797753,0.843820225,0.988764045,0.993258427,0.969662921,0.96741573,0.968539326,0.939325843,0.958426966,0.119096385,0.029678705,0.029269634,0.029678705,0.030712121,0.009727016,0.029269634,0.009727016,0.032361719,0.033419251,0.094071113,0.034057925,0.033132909,0.031328179,0.094087597,0.040233509,0.03231842,0.032646665,0.016678613,0.116633203,0.029074829,0.028662255,0.029074829,0.029014587,0.009781486,0.028662255,0.009781486,0.030603803,0.033432274,0.094055448,0.034053192,0.03314051,0.031335362,0.09409216,0.040239257,0.032294101,0.032648986,0.016798106,0.115349426,0.02805993,0.027785699,0.02805993,0.026049942,0.009969633,0.027785699,0.009969633,0.02757277,0.033589505,0.09474263,0.034222778,0.033610515,0.031553704,0.094191763,0.040291115,0.032362773,0.032980295,0.017098801
33,100,1.570796327,0.1,1,1.048771139,0.180494897,-0.399186872,1.627960218,0.026835574,0.090658996,0.091576526,0.090658996,0.40502161,-0.159093167,0.091576526,-0.159093167,0.41704545,0.004698343,0.008148209,0.004427998,-0.00211779,-0.003392153,0.00844395,-0.000823535,-1.28676E+13,-0.000304939,-0.002115026,0.012901474,0.064806359,0.062905011,0.064806359,0.37859319,-0.17931761,0.062905011,-0.17931761,0.390518207,0.00471142,0.008045186,0.004776627,-0.001999283,-0.003320226,0.008629335,-0.00081851,-1.22666E+13,-0.000269683,-0.002721311,-0.011220971,0.016759248,0.008641666,0.016759248,0.329934602,-0.216736411,0.008641666,-0.216736411,0.342166066,0.004784586,-0.000628563,0.005947928,-0.003697189,-0.002996485,0.008923602,-0.000857726,-8.47786E+12,0.000157025,-0.002792624,0.93875,0.97,0.9625,0.97,0.63625,0.97125,0.9625,0.97125,0.615,0.7575,0.945,0.965,0.97375,0.75375,0.24,0.63625,0.97125,0.97625,0.94375,0.9625,0.99,0.98875,0.99,0.8275,0.99125,0.98875,0.99125,0.82625,0.82375,0.97125,0.98,0.98625,0.82125,0.27375,0.68875,0.98875,0.98375,0.96625,0.96375,0.96625,0.9425,0.95875,0.122878936,0.026132034,0.025998994,0.026132034,0.022452022,0.008032848,0.025998994,0.008032848,0.022972602,0.028374559,0.093059982,0.029435016,0.02979555,0.02838473,0.093066023,0.038329753,0.028665453,0.028643384,0.011719255,0.119884019,0.025596166,0.025456392,0.025596166,0.021199851,0.008059464,0.025456392,0.008059464,0.021715242,0.02837591,0.093066278,0.029436709,0.029793834,0.028387512,0.093064732,0.03833762,0.028657224,0.028644629,0.011736958,0.117454876,0.024661096,0.024614976,0.024661096,0.01892169,0.008178241,0.024614976,0.008178241,0.019505646,0.028454708,0.093268515,0.029342964,0.029878432,0.028514559,0.093030022,0.038427719,0.028733131,0.028858878,0.011800959
65,100,1.570796327,0.1,1,1.04889562,0.180580724,-0.399929469,1.627903022,0.012567076,-0.186283209,-0.147856769,-0.186283209,0.315460864,-0.072371633,-0.147856769,-0.072371633,0.320168856,0.00117116,0.011687719,0.000386221,-0.008323262,-0.004873403,0.011219634,-0.000885127,-1.6906E+13,-0.001252373,-0.000638222,-0.001436629,-0.205348695,-0.171777403,-0.205348695,0.294083586,-0.092589785,-0.171777403,-0.092589785,0.299437097,0.001174631,0.011416854,0.00083489,-0.008697228,-0.004845634,0.011369364,-0.000891843,-1.84803E+13,-0.001273294,-0.000843702,-0.027729387,-0.22386065,-0.209682665,-0.22386065,0.256254302,-0.124995378,-0.209682665,-0.124995378,0.265052486,0.001140298,0.006344882,0.002727033,-0.01178467,-0.004705442,0.011469308,-0.000923025,-2.69843E+13,-0.001053267,0.000214705,0.943333333,0.983333333,0.956666667,0.983333333,0.703333333,0.976666667,0.956666667,0.976666667,0.676666667,0.643333333,0.966666667,0.98,0.966666667,0.663333333,0.183333333,0.56,0.976666667,0.976666667,0.96,0.976666667,0.996666667,0.98,0.996666667,0.886666667,0.99,0.98,0.99,0.82,0.706666667,0.98,0.99,0.97,0.7,0.2,0.61,0.993333333,0.993333333,0.986666667,0.976666667,0.956666667,0.96,0.966666667,0.116060628,0.023883624,0.024911524,0.023883624,0.017944457,0.006952613,0.024911524,0.006952613,0.018388539,0.025286687,0.086646602,0.024412636,0.026458184,0.025397243,0.08662273,0.033552705,0.024364875,0.025584475,0.007655681,0.114128353,0.023414837,0.024434656,0.023414837,0.016951826,0.006923444,0.024434656,0.006923444,0.01743161,0.025290028,0.086651279,0.024423526,0.026460444,0.025387808,0.086628907,0.033547394,0.024361623,0.025580634,0.007657828,0.113298275,0.022472577,0.023740132,0.022472577,0.015238619,0.006938012,0.023740132,0.006938012,0.015953795,0.025290755,0.086799105,0.024855541,0.026410068,0.025290346,0.086649776,0.03358982,0.024511294,0.025666306,0.007658608
17,200,1.570796327,0.1,1,1.048872696,0.180490101,-0.40010412,1.627954547,0.007709992,0.104952304,-0.077295458,0.104952304,0.333957549,-0.200715517,-0.077295458,-0.200715517,0.344852805,0.006908774,-0.002423594,-0.000708422,0.00214947,0.002882715,-0.001785476,-0.002688893,2.09165E+13,0.001487744,-0.008208597,0.000763687,0.09074892,-0.078866369,0.09074892,0.317545171,-0.21192044,-0.078866369,-0.21192044,0.328686038,0.006883527,-0.001849289,-0.000729802,0.002686591,0.003011365,-0.001749437,-0.002679653,2.11001E+13,0.001414359,-0.008837849,-0.012990081,0.064786164,-0.084039444,0.064786164,0.287193163,-0.233758472,-0.084039444,-0.233758472,0.298613985,0.006881834,-0.000391987,0.000111454,0.0045957,0.003271487,-0.001633349,-0.002697968,2.38164E+13,0.001289609,-0.010480387,0.95959596,0.960606061,0.967676768,0.960606061,0.671717172,0.956565657,0.967676768,0.956565657,0.667676768,0.843434343,0.946464646,0.943434343,0.967676768,0.86969697,0.315151515,0.762626263,0.956565657,0.963636364,0.944444444,0.978787879,0.983838384,0.987878788,0.983838384,0.819191919,0.976767677,0.987878788,0.976767677,0.834343434,0.895959596,0.96969697,0.975757576,0.987878788,0.907070707,0.360606061,0.827272727,0.971717172,0.985858586,0.96969697,0.957575758,0.967676768,0.945454545,0.957575758,0.082085809,0.020272798,0.020965005,0.020272798,0.018779979,0.007445964,0.020965005,0.007445964,0.019312817,0.023566468,0.064209102,0.024185537,0.023216741,0.021749048,0.064202553,0.028931236,0.023731646,0.023197791,0.012044019,0.081312473,0.020049012,0.020757451,0.020049012,0.018026714,0.007507138,0.020757451,0.007507138,0.018566226,0.023558213,0.064204065,0.024185665,0.023211928,0.021757995,0.064198713,0.028939796,0.02373658,0.023193436,0.012119743,0.081085229,0.019762076,0.020480354,0.019762076,0.016678493,0.007652951,0.020480354,0.007652951,0.017253027,0.023753619,0.06442529,0.024166527,0.023248153,0.021935225,0.064158674,0.029033518,0.023929104,0.023410687,0.012392057
33,200,1.570796327,0.1,1,1.048771139,0.180494897,-0.399186872,1.627960218,0.013698215,0.080422339,0.097109427,0.080422339,0.210929679,-0.116206929,0.097109427,-0.116206929,0.220689715,0.001601207,0.004899697,-0.002165443,-0.003959511,-0.005271182,0.006079786,-0.000285654,-1.89194E+13,-0.001073963,-0.001280217,0.006826474,0.069042994,0.091149117,0.069042994,0.199024142,-0.12670478,0.091149117,-0.12670478,0.208907474,0.001596172,0.004849286,-0.002212486,-0.003280659,-0.005158565,0.006185915,-0.000292836,-1.87032E+13,-0.00111867,-0.001694205,-0.007264582,0.049008955,0.092594481,0.049008955,0.175210501,-0.145024939,0.092594481,-0.145024939,0.185453613,0.001683772,-0.001984907,-0.001672054,-0.001502991,-0.004697875,0.006398,-0.000272685,-1.82183E+13,-0.001367296,-0.003340796,0.954385965,0.966666667,0.963157895,0.966666667,0.778947368,0.949122807,0.963157895,0.949122807,0.792982456,0.78245614,0.945614035,0.961403509,0.959649123,0.742105263,0.236842105,0.656140351,0.957894737,0.964912281,0.956140351,0.973684211,0.989473684,0.99122807,0.989473684,0.88245614,0.973684211,0.99122807,0.973684211,0.9,0.847368421,0.966666667,0.987719298,0.985964912,0.81754386,0.277192982,0.710526316,0.98245614,0.984210526,0.971929825,0.957894737,0.952631579,0.942105263,0.957894737,0.08097616,0.018029895,0.017664241,0.018029895,0.012839951,0.005948863,0.017664241,0.005948863,0.012994771,0.019834277,0.065701972,0.019691077,0.02016007,0.020286787,0.065719001,0.026079839,0.020903389,0.020168189,0.007795414,0.079878008,0.0178531,0.017491811,0.0178531,0.012323152,0.005984354,0.017491811,0.005984354,0.012474662,0.019833458,0.065730188,0.019686946,0.020156005,0.020285946,0.065717496,0.026080269,0.020907791,0.020173868,0.007805423,0.078220351,0.017707612,0.017264362,0.017707612,0.011330334,0.006108127,0.017264362,0.006108127,0.011504439,0.01991418,0.065963076,0.019694484,0.020195857,0.020306223,0.065671427,0.026104637,0.020995634,0.020286511,0.007925239
65,200,1.570796327,0.1,1,1.04889562,0.180580724,-0.399929469,1.627903022,0.006468175,0.020597069,0.021538605,0.020597069,0.16123172,-0.055053146,0.021538605,-0.055053146,0.164792369,0.001686196,-0.00153935,-0.00099231,-0.004390627,-0.005198829,-0.000573562,-0.000231173,-8.04154E+12,0.000853462,-0.000217089,-0.000252503,0.007882867,0.017069854,0.007882867,0.151251169,-0.06593106,0.017069854,-0.06593106,0.154759073,0.001691812,-0.001829562,-0.000992433,-0.003931377,-0.005186662,-0.000500081,-0.000238346,-7.78728E+12,0.000847942,-0.000427632,-0.014063403,-0.020965083,0.021951172,-0.020965083,0.132552391,-0.085071952,0.021951172,-0.085071952,0.135493144,0.001725215,-0.013468011,-0.00023742,-0.004034607,-0.005375958,-0.000353127,-0.000234051,-8.06219E+11,0.000572486,-0.001289869,0.957746479,0.956338028,0.96056338,0.956338028,0.814084507,0.981690141,0.96056338,0.981690141,0.804225352,0.66056338,0.963380282,0.95915493,0.95915493,0.652112676,0.187323944,0.504225352,0.967605634,0.967605634,0.947887324,0.98028169,0.977464789,0.98028169,0.977464789,0.922535211,0.987323944,0.98028169,0.987323944,0.905633803,0.732394366,0.983098592,0.978873239,0.978873239,0.711267606,0.215492958,0.577464789,0.987323944,0.981690141,0.977464789,0.946478873,0.954929577,0.961971831,0.949295775,0.079796083,0.016328005,0.015957603,0.016328005,0.01001294,0.004600693,0.015957603,0.004600693,0.010431695,0.017894645,0.059485278,0.017832969,0.018684332,0.018618426,0.059478817,0.025460357,0.017807012,0.017680062,0.005479757,0.079114913,0.01616795,0.01579788,0.01616795,0.009589308,0.004613654,0.01579788,0.004613654,0.010012541,0.017893531,0.059456532,0.017833331,0.018685534,0.018618447,0.059480598,0.025458697,0.017798561,0.017682685,0.005479347,0.078748308,0.016062333,0.01549515,0.016062333,0.008821707,0.004673384,0.01549515,0.004673384,0.009252711,0.017903187,0.059972174,0.017810572,0.018770404,0.018621802,0.059496476,0.025436286,0.017879608,0.01789539,0.005511807
17,500,1.570796327,0.1,1,1.048872696,0.180490101,-0.40010412,1.627954547,0.003912907,0.029402871,-0.084796014,0.029402871,0.155174484,-0.127835623,-0.084796014,-0.127835623,0.163362692,0.003170835,0.000638875,-0.001385197,-1.99E-05,0.000138058,0.001460547,-0.00137787,1.61906E+12,0.000555696,-0.005228698,0.001408163,0.0261258,-0.083854384,0.0261258,0.149086624,-0.131844614,-0.083854384,-0.131844614,0.157054086,0.003154269,0.000336256,-0.001258545,-0.000336737,6.26E-05,0.001457811,-0.001373765,2.06514E+12,0.000529776,-0.005438056,-0.002684857,0.024960131,-0.076226392,0.024960131,0.137216524,-0.138743323,-0.076226392,-0.138743323,0.144390171,0.003164282,-0.002461351,-0.000794848,-0.001514332,-0.000431033,0.001475149,-0.001360927,4.83517E+12,0.000459411,-0.005943483,0.936363636,0.955555556,0.953535354,0.955555556,0.788888889,0.943434343,0.953535354,0.943434343,0.807070707,0.835353535,0.957575758,0.945454545,0.957575758,0.847474747,0.298989899,0.75959596,0.953535354,0.95959596,0.937373737,0.967676768,0.980808081,0.97979798,0.980808081,0.883838384,0.96969697,0.97979798,0.96969697,0.886868687,0.88989899,0.977777778,0.976767677,0.980808081,0.890909091,0.343434343,0.822222222,0.978787879,0.97979798,0.962626263,0.950505051,0.948484848,0.954545455,0.961616162,0.053650274,0.012858141,0.013097404,0.012858141,0.009700691,0.00494559,0.013097404,0.00494559,0.010122752,0.015168835,0.040276932,0.015140386,0.014858504,0.014261309,0.040281831,0.01841866,0.014732921,0.015152908,0.007557134,0.053437806,0.012811296,0.013041917,0.012811296,0.009453646,0.004972786,0.013041917,0.004972786,0.009860524,0.01516195,0.04027553,0.015133566,0.014856418,0.014264989,0.040284356,0.018417274,0.01473975,0.015153603,0.007583,0.053435435,0.012830886,0.013021183,0.012830886,0.009031502,0.005041487,0.013021183,0.005041487,0.009371438,0.0151675,0.040397212,0.01509963,0.014903728,0.014371185,0.040314266,0.018507836,0.014787978,0.015288832,0.007739127
33,500,1.570796327,0.1,1,1.048771139,0.180494897,-0.399186872,1.627960218,0.005286513,0.084208757,0.090655594,0.084208757,0.090064501,-0.066184754,0.090655594,-0.066184754,0.094627256,0.001068784,-0.002554044,0.001651275,-0.001122439,-0.002081855,-0.001054719,-7.68E-05,-7.08211E+12,-0.00029778,-0.001312682,0.002927238,0.082611362,0.090386933,0.082611362,0.085374431,-0.070226597,0.090386933,-0.070226597,0.090110475,0.001066693,-0.003090717,0.001827726,-0.001458659,-0.002096885,-0.001071625,-7.72E-05,-7.23547E+12,-0.000303481,-0.001462481,-0.001048346,0.089323259,0.083139271,0.089323259,0.076396083,-0.077465545,0.083139271,-0.077465545,0.081244428,0.001109185,-0.008597021,0.002777688,-0.001550477,-0.002112812,-0.00115447,-0.000100965,-7.21507E+12,-0.000149111,-0.002483629,0.950943396,0.954716981,0.962264151,0.954716981,0.858490566,0.958490566,0.962264151,0.958490566,0.873584906,0.750943396,0.920754717,0.950943396,0.956603774,0.766037736,0.235849057,0.677358491,0.971698113,0.956603774,0.960377358,0.967924528,0.983018868,0.986792453,0.983018868,0.930188679,0.983018868,0.986792453,0.983018868,0.935849057,0.832075472,0.950943396,0.969811321,0.969811321,0.830188679,0.258490566,0.728301887,0.986792453,0.981132075,0.983018868,0.962264151,0.945283019,0.918867925,0.966037736,0.050725321,0.011209356,0.010904772,0.011209356,0.006665923,0.003737827,0.010904772,0.003737827,0.006718746,0.012616587,0.043988,0.012203957,0.013029693,0.012423558,0.043993159,0.015930485,0.012106522,0.01273394,0.00490348,0.050486289,0.011163832,0.010863723,0.011163832,0.006497131,0.003752497,0.010863723,0.003752497,0.006551179,0.012615081,0.044000809,0.012210721,0.013028357,0.012422191,0.043996258,0.015929584,0.012100043,0.012735842,0.004909347,0.050269969,0.011187853,0.010862062,0.011187853,0.006183309,0.003795661,0.010862062,0.003795661,0.006257368,0.012659909,0.044284727,0.012355891,0.013012979,0.012455569,0.044040258,0.015970368,0.012128097,0.012858594,0.005070264
65,500,1.570796327,0.1,1,1.04889562,0.180580724,-0.399929469,1.627903022,0.007454097,0.022790402,0.011718817,0.022790402,0.062623256,-0.022491674,0.011718817,-0.022491674,0.075724235,4.65E-05,0.0122337,-0.002532191,-0.00075104,-0.00223331,0.013497831,0.000184301,-3.12019E+12,-0.000387728,-0.000647327,0.005191133,0.020349906,0.010388829,0.020349906,0.058652889,-0.026915885,0.010388829,-0.026915885,0.071899386,4.53E-05,0.011255978,-0.002383218,-0.000975227,-0.002225224,0.013460147,0.000185986,-3.06499E+12,-0.00035568,-0.000743365,0.002141403,0.023455188,0.005511354,0.023455188,0.051031256,-0.035844518,0.005511354,-0.035844518,0.063801715,5.13E-05,0.001172647,-0.002252459,-0.00076618,-0.001968406,0.013425475,0.000190791,-1.28954E+12,7.62E-06,-0.001731461,0.955357143,0.982142857,0.951785714,0.982142857,0.891071429,0.9625,0.951785714,0.9625,0.864285714,0.644642857,0.955357143,0.942857143,0.960714286,0.676785714,0.205357143,0.55,0.944642857,0.948214286,0.957142857,0.980357143,0.989285714,0.983928571,0.989285714,0.957142857,0.983928571,0.983928571,0.983928571,0.914285714,0.708928571,0.978571429,0.966071429,0.982142857,0.742857143,0.221428571,0.607142857,0.978571429,0.980357143,0.978571429,0.95,0.960714286,0.955357143,0.951785714,0.048905982,0.009618455,0.010083482,0.009618455,0.005091563,0.002899387,0.010083482,0.002899387,0.005601228,0.011434753,0.037986804,0.012016164,0.011237873,0.010957161,0.038056165,0.015525701,0.011398289,0.011668423,0.003642048,0.048638363,0.009575206,0.010048182,0.009575206,0.004961916,0.002903576,0.010048182,0.002903576,0.005463083,0.01143438,0.037933016,0.012012152,0.011239798,0.010955815,0.038054769,0.015526366,0.011407746,0.011668703,0.003645976,0.049002945,0.009515605,0.010111354,0.009515605,0.00476176,0.002934935,0.010111354,0.002934935,0.005202414,0.011418331,0.037549424,0.011990115,0.011330008,0.010940267,0.038042293,0.015555104,0.011519456,0.011726527,0.003716799
17,1000,1.570796327,0.1,1,1.048872696,0.180490101,-0.40010412,1.627954547,0.002570823,-0.007380905,-0.051604128,-0.007380905,0.086145303,-0.07881194,-0.051604128,-0.07881194,0.088839887,0.001623678,0.00270603,0.000162134,0.004192291,0.003397481,0.002962195,-0.000667597,5.11515E+12,8.66E-05,-0.003322864,0.001206552,-0.010105783,-0.052629268,-0.010105783,0.083368759,-0.080338724,-0.052629268,-0.080338724,0.085741665,0.001625641,0.002429334,0.000122322,0.004094788,0.003399424,0.002964337,-0.000669101,5.35223E+12,9.24E-05,-0.003436962,-0.001148884,-0.01736104,-0.050469165,-0.01736104,0.077704722,-0.082216308,-0.050469165,-0.082216308,0.079470415,0.00161101,0.000746461,-2.77E-05,0.003978364,0.003437829,0.00295099,-0.000680045,5.78279E+12,0.000152863,-0.003813528,0.940277778,0.945833333,0.955555556,0.945833333,0.873611111,0.943055556,0.955555556,0.943055556,0.866666667,0.855555556,0.933333333,0.956944444,0.961111111,0.851388889,0.319444444,0.741666667,0.951388889,0.951388889,0.943055556,0.968055556,0.965277778,0.979166667,0.965277778,0.929166667,0.968055556,0.979166667,0.968055556,0.943055556,0.904166667,0.969444444,0.977777778,0.983333333,0.893055556,0.358333333,0.811111111,0.973611111,0.972222222,0.968055556,0.955555556,0.955555556,0.936111111,0.9375,0.037358163,0.009557952,0.009609401,0.009557952,0.006051344,0.003450698,0.009609401,0.003450698,0.006119737,0.010337707,0.028782158,0.010186964,0.010198572,0.010030358,0.028788398,0.013617313,0.01061013,0.010483814,0.005398774,0.037262553,0.00953867,0.009590954,0.00953867,0.005950499,0.003458806,0.009590954,0.003458806,0.006003642,0.010335905,0.028783991,0.010187267,0.0101931,0.010030198,0.028786295,0.013619816,0.010613726,0.010486359,0.005413008,0.037194903,0.009536416,0.009595164,0.009536416,0.005776987,0.003492329,0.009595164,0.003492329,0.005792476,0.010355093,0.028927534,0.010244871,0.010204584,0.010084245,0.02879202,0.01364385,0.010675337,0.010598348,0.005451934
33,1000,1.570796327,0.1,1,1.048771139,0.180494897,-0.399186872,1.627960218,0.000995249,0.030309423,0.025714075,0.030309423,0.045157001,-0.037190009,0.025714075,-0.037190009,0.051345239,0.000705317,-0.000314981,0.000794168,0.000927723,0.000682141,-0.000166835,-0.000148087,1.73168E+11,7.57E-05,-0.001245337,-0.000282199,0.027075723,0.023507263,0.027075723,0.043124065,-0.039090227,0.023507263,-0.039090227,0.049004423,0.000710156,-0.000274714,0.000695023,0.000854686,0.00068421,-0.000147306,-0.000151518,5.78281E+11,8.37E-05,-0.001291545,-0.002467685,0.017963276,0.019677115,0.017963276,0.039422823,-0.042035259,0.019677115,-0.042035259,0.044341963,0.000718287,-0.000724138,0.000355702,0.000594643,0.000659085,-0.00014806,-0.000164788,3.10732E+12,9.20E-05,-0.001391481,0.945238095,0.954761905,0.958333333,0.954761905,0.921428571,0.935714286,0.958333333,0.935714286,0.9,0.758333333,0.927380952,0.964285714,0.964285714,0.766666667,0.241666667,0.653571429,0.954761905,0.960714286,0.951190476,0.970238095,0.980952381,0.980952381,0.980952381,0.953571429,0.970238095,0.980952381,0.970238095,0.953571429,0.829761905,0.957142857,0.977380952,0.975,0.833333333,0.270238095,0.714285714,0.971428571,0.977380952,0.977380952,0.954761905,0.955952381,0.926190476,0.95,0.03560191,0.007812365,0.00767691,0.007812365,0.004080418,0.002664233,0.00767691,0.002664233,0.004307033,0.008964163,0.030135863,0.008394131,0.008790654,0.008544866,0.030136414,0.011737629,0.008986711,0.008930117,0.003550115,0.035532359,0.007798071,0.00766046,0.007798071,0.00402085,0.002670964,0.00766046,0.002670964,0.004233801,0.008965977,0.030133432,0.008395455,0.008790388,0.008545766,0.0301379,0.011738342,0.008985981,0.008926458,0.003552917,0.035650663,0.007818865,0.007652166,0.007818865,0.00392383,0.002698263,0.007652166,0.002698263,0.004096377,0.008984211,0.030116587,0.008467545,0.008899766,0.008551963,0.030153697,0.01176214,0.009032271,0.008936977,0.00356517
65,1000,1.570796327,0.1,1,1.04889562,0.180580724,-0.399929469,1.627903022,0.003878886,-0.029225333,0.03149274,-0.029225333,0.028777266,-0.020364337,0.03149274,-0.020364337,0.035663498,0.000316323,0.005574611,-0.000428366,-0.00190796,-0.002580768,0.005697927,-0.000374722,4.03562E+12,0.000353836,7.14E-05,0.00265746,-0.033798078,0.029922348,-0.033798078,0.026881161,-0.022159953,0.029922348,-0.022159953,0.033748393,0.000318803,0.005692022,-0.000463578,-0.001974395,-0.002586095,0.005697639,-0.000377607,4.0393E+12,0.000367452,4.80E-05,0.000428458,-0.05127936,0.021732177,-0.05127936,0.022930127,-0.025923037,0.021732177,-0.025923037,0.03038322,0.000332815,0.004922634,-0.000503824,-0.002382563,-0.002497305,0.005725542,-0.000372568,5.81458E+12,0.000550074,-0.000347487,0.957971014,0.955072464,0.956521739,0.955072464,0.933333333,0.95942029,0.956521739,0.95942029,0.920289855,0.633333333,0.947826087,0.933333333,0.947826087,0.663768116,0.156521739,0.510144928,0.968115942,0.943478261,0.944927536,0.979710145,0.975362319,0.972463768,0.975362319,0.972463768,0.97826087,0.972463768,0.97826087,0.95942029,0.698550725,0.968115942,0.968115942,0.963768116,0.71884058,0.179710145,0.573913043,0.98115942,0.973913043,0.972463768,0.950724638,0.936231884,0.946376812,0.956521739,0.034868835,0.007043874,0.00700881,0.007043874,0.003141312,0.002024707,0.00700881,0.002024707,0.003306405,0.008223138,0.028278217,0.008368716,0.008623618,0.008143477,0.028289326,0.011029157,0.007862983,0.008165675,0.002473748,0.034769757,0.007030947,0.006990631,0.007030947,0.003093931,0.002028819,0.006990631,0.002028819,0.003252127,0.008222496,0.028279918,0.008364088,0.008626454,0.008142983,0.028287728,0.011029628,0.007861823,0.008164524,0.002473816,0.035075908,0.007035435,0.006978701,0.007035435,0.003025956,0.002041915,0.006978701,0.002041915,0.003173437,0.008220411,0.028289118,0.008374174,0.00870593,0.008149801,0.028276817,0.011044838,0.007876506,0.008204633,0.002493891
17,100,1.570796327,0.4,1,1.048872696,0.180490101,-0.40010412,1.627954547,0.015628105,-0.019250351,-0.228406792,-0.019250351,0.652202288,-0.244715544,-0.228406792,-0.244715544,0.692207968,0.011146497,-0.002314172,-0.002588576,-0.005263412,-0.003616902,-0.003104734,-0.003425855,3.20138E+13,0.000223189,-0.011613842,0.000758143,-0.054489753,-0.224546911,-0.054489753,0.611596427,-0.267108994,-0.224546911,-0.267108994,0.648808538,0.011146412,-0.001863493,-0.00217869,-0.005443143,-0.003660289,-0.003075993,-0.003435735,3.22494E+13,0.000238349,-0.012738875,-0.025970386,-0.106806108,-0.224055195,-0.106806108,0.536439456,-0.308419514,-0.224055195,-0.308419514,0.569536544,0.011216619,-0.003238729,-0.00164863,-0.005832154,-0.003696314,-0.002920441,-0.003557413,3.12573E+13,0.000338985,-0.015376751,0.95106383,0.972340426,0.982978723,0.972340426,0.422340426,0.988297872,0.982978723,0.988297872,0.39787234,0.868085106,0.941489362,0.967021277,0.968085106,0.886170213,0.423404255,0.832978723,0.969148936,0.973404255,0.944680851,0.976595745,0.994680851,0.995744681,0.994680851,0.717021277,0.994680851,0.995744681,0.994680851,0.691489362,0.922340426,0.967021277,0.987234043,0.985106383,0.925531915,0.474468085,0.876595745,0.988297872,0.992553191,0.972340426,0.964893617,0.969148936,0.937234043,0.961702128,0.122148721,0.031604851,0.032115354,0.031604851,0.034798929,0.010359178,0.032115354,0.010359178,0.036966305,0.037688227,0.095805028,0.036079873,0.037692693,0.035384802,0.095780888,0.042027637,0.035183216,0.036102082,0.017887662,0.119817271,0.030933404,0.031386438,0.030933404,0.032826201,0.010361814,0.031386438,0.010361814,0.034850664,0.037687561,0.095858627,0.036073358,0.037695347,0.035382421,0.095771587,0.042036236,0.035165841,0.036101931,0.018011974,0.119041857,0.029977642,0.030276151,0.029977642,0.029228767,0.010550223,0.030276151,0.010550223,0.031059099,0.037905999,0.096504434,0.036246284,0.037712674,0.035444407,0.095703627,0.042245647,0.035068065,0.036425039,0.018409423
33,100,1.570796327,0.4,1,1.048771139,0.180494897,-0.399186872,1.627960218,0.026188432,0.049001522,0.136184319,0.049001522,0.444803885,-0.180633946,0.136184319,-0.180633946,0.471047387,0.005258967,0.007810689,0.000503718,-0.001230631,-0.002985306,0.006715504,-0.000294562,-3.08064E+13,-0.000748942,-0.002888821,0.01177746,0.024185618,0.112162527,0.024185618,0.415765617,-0.201009975,0.112162527,-0.201009975,0.44033234,0.005263742,0.008292999,0.001081894,-0.001400612,-0.002958566,0.006763941,-0.000301854,-2.94602E+13,-0.000740281,-0.003548594,-0.014582854,-0.004953291,0.055059014,-0.004953291,0.364092109,-0.236981009,0.055059014,-0.236981009,0.38534706,0.005320844,0.004788103,0.003061212,-0.002791027,-0.002605966,0.007063255,-0.000283798,-2.43281E+13,-0.000601367,-0.003938428,0.93902439,0.970731707,0.973170732,0.970731707,0.62804878,0.97804878,0.973170732,0.97804878,0.576829268,0.803658537,0.926829268,0.967073171,0.975609756,0.819512195,0.308536585,0.691463415,0.970731707,0.975609756,0.942682927,0.974390244,0.993902439,0.990243902,0.993902439,0.834146341,0.993902439,0.990243902,0.993902439,0.787804878,0.857317073,0.956097561,0.980487805,0.98902439,0.863414634,0.359756098,0.751219512,0.98902439,0.987804878,0.970731707,0.965853659,0.963414634,0.925609756,0.962195122,0.123715943,0.02732697,0.026693357,0.02732697,0.024413271,0.008258342,0.026693357,0.008258342,0.025767852,0.030162032,0.096606812,0.030525826,0.031211093,0.030055552,0.096576808,0.038111316,0.02987825,0.030484745,0.012576194,0.120681404,0.026763267,0.026128435,0.026763267,0.023028932,0.008297301,0.026128435,0.008297301,0.02429846,0.030166699,0.096625223,0.030525047,0.03121627,0.030060552,0.096570252,0.038109329,0.029863869,0.030486233,0.012602919,0.118149602,0.025833918,0.025226771,0.025833918,0.020643437,0.008482802,0.025226771,0.008482802,0.021774958,0.030320953,0.096597997,0.030782882,0.03135662,0.030127767,0.096558297,0.03816278,0.029913827,0.030705111,0.012710256
65,100,1.570796327,0.4,1,1.04889562,0.180580724,-0.399929469,1.627903022,0.013157971,-0.028022471,-0.107578662,-0.028022471,0.343538992,-0.084336874,-0.107578662,-0.084336874,0.350599932,0.003946537,0.002935477,0.002247773,-0.004067321,-0.001738524,0.001993996,-0.00049201,-1.51874E+12,0.000889291,-0.000599837,-0.000999462,-0.051666719,-0.131548504,-0.051666719,0.32022804,-0.105215234,-0.131548504,-0.105215234,0.327268257,0.003966805,0.002920703,0.002528723,-0.004471021,-0.001747884,0.002075329,-0.000505435,-1.57352E+12,0.000896775,-0.000882719,-0.027892815,-0.104266937,-0.195746786,-0.104266937,0.278091739,-0.143363652,-0.195746786,-0.143363652,0.286549898,0.004006195,-0.002511709,0.004076618,-0.008527016,-0.002121093,0.002265347,-0.000501222,7.16995E+11,0.001063202,-0.000170574,0.95875,0.9775,0.96625,0.9775,0.6875,0.9725,0.96625,0.9725,0.65375,0.71,0.94875,0.975,0.9675,0.72375,0.225,0.57625,0.97625,0.965,0.93875,0.9825,0.995,0.98625,0.995,0.85875,0.99125,0.98625,0.99125,0.84125,0.79,0.9725,0.9925,0.985,0.79875,0.25875,0.6375,0.99375,0.98375,0.97375,0.955,0.95875,0.95125,0.94375,0.113805783,0.023296663,0.024871952,0.023296663,0.019280681,0.007018391,0.024871952,0.007018391,0.019714427,0.027380609,0.090213586,0.026576317,0.027268874,0.026258453,0.090208565,0.037570887,0.026757242,0.027437399,0.008675378,0.111759648,0.022833578,0.024381863,0.022833578,0.01818646,0.006998749,0.024381863,0.006998749,0.01862175,0.027379092,0.090229037,0.02657073,0.027267765,0.02625981,0.090212378,0.037568939,0.026747282,0.027440655,0.00867787,0.111547892,0.022079046,0.023521255,0.022079046,0.016253328,0.00705132,0.023521255,0.00705132,0.01677284,0.027361978,0.090564649,0.026641042,0.027522249,0.026297773,0.090291567,0.03748914,0.02676619,0.027617111,0.008700237
17,200,1.570796327,0.4,1,1.048872696,0.180490101,-0.40010412,1.627954547,0.00806336,0.115671777,-0.084661374,0.115671777,0.375912865,-0.216327347,-0.084661374,-0.216327347,0.398494418,0.00758596,-0.003387324,0.000569688,0.000164768,0.002475002,-0.003778597,-0.002598738,1.82832E+13,0.000761781,-0.009378696,0.000715553,0.096687909,-0.086903733,0.096687909,0.357556947,-0.227408991,-0.086903733,-0.227408991,0.379900583,0.007552806,-0.003617322,0.000399939,7.04E-05,0.002505346,-0.003708213,-0.00259365,1.81212E+13,0.000718235,-0.009856343,-0.012470196,0.051901181,-0.101487509,0.051901181,0.32296514,-0.246228283,-0.101487509,-0.246228283,0.344663391,0.007499124,-0.005243953,0.000333206,-0.000900021,0.002956892,-0.003460443,-0.002602521,1.94847E+13,0.000634127,-0.010250183,0.953125,0.96875,0.960416667,0.96875,0.633333333,0.953125,0.960416667,0.953125,0.608333333,0.879166667,0.940625,0.954166667,0.966666667,0.890625,0.408333333,0.79375,0.964583333,0.967708333,0.933333333,0.971875,0.988541667,0.988541667,0.988541667,0.820833333,0.982291667,0.988541667,0.982291667,0.821875,0.921875,0.970833333,0.978125,0.984375,0.927083333,0.453125,0.852083333,0.983333333,0.980208333,0.9625,0.955208333,0.966666667,0.940625,0.95625,0.08595901,0.021297141,0.022893547,0.021297141,0.020861569,0.008044918,0.022893547,0.008044918,0.022014759,0.026163683,0.066849953,0.025978034,0.025563428,0.023937152,0.066865356,0.030511383,0.025677006,0.02525718,0.013034057,0.085143213,0.02106073,0.022662742,0.02106073,0.020010489,0.008093605,0.022662742,0.008093605,0.021143384,0.026159687,0.066833903,0.025985563,0.025559961,0.023934638,0.06686337,0.030501826,0.025672666,0.02525205,0.013087493,0.085066628,0.020742844,0.022368254,0.020742844,0.018466232,0.008210751,0.022368254,0.008210751,0.019532163,0.026239921,0.067171991,0.026314772,0.025609238,0.024044899,0.066905383,0.030568651,0.025806808,0.025343562,0.01318057
33,200,1.570796327,0.4,1,1.048771139,0.180494897,-0.399186872,1.627960218,0.011462457,0.093112471,0.054210617,0.093112471,0.239469902,-0.125129149,0.054210617,-0.125129149,0.252560725,0.003271625,0.002642522,0.001233047,-0.001275517,-0.001178114,0.00355478,-0.000293941,-2.26684E+13,-0.000261165,-0.00148695,0.004583565,0.079992902,0.045122417,0.079992902,0.226044914,-0.135401782,0.045122417,-0.135401782,0.239400052,0.003258908,0.00314977,0.001111345,-0.000943892,-0.001082492,0.003638251,-0.000292948,-2.316E+13,-0.000295276,-0.001752037,-0.007969361,0.053034484,0.015685943,0.053034484,0.201131133,-0.154811244,0.015685943,-0.154811244,0.214572295,0.003315567,0.001950325,0.000914673,-0.00091323,-0.000775541,0.003995874,-0.000280461,-2.3434E+13,-0.000411174,-0.002057208,0.955913978,0.95483871,0.968817204,0.95483871,0.748387097,0.965591398,0.968817204,0.965591398,0.737634409,0.817204301,0.946236559,0.964516129,0.969892473,0.819354839,0.322580645,0.694623656,0.96344086,0.967741935,0.944086022,0.975268817,0.986021505,0.984946237,0.986021505,0.869892473,0.984946237,0.984946237,0.984946237,0.879569892,0.86344086,0.966666667,0.984946237,0.988172043,0.875268817,0.359139785,0.75483871,0.986021505,0.984946237,0.974193548,0.956989247,0.960215054,0.94516129,0.960215054,0.080417376,0.019308179,0.018742926,0.019308179,0.01424521,0.006049763,0.018742926,0.006049763,0.014671889,0.020958301,0.066177666,0.021025976,0.021042213,0.020513927,0.066197067,0.026660905,0.021168179,0.020971746,0.008640897,0.079477924,0.019113165,0.018559376,0.019113165,0.013651103,0.006084056,0.018559376,0.006084056,0.014080664,0.020954123,0.066216747,0.021026377,0.021035971,0.020506335,0.066201567,0.026659175,0.021180289,0.020968696,0.008651248,0.078957203,0.018934398,0.0183921,0.018934398,0.012560081,0.006225259,0.0183921,0.006225259,0.013004655,0.021002006,0.066560654,0.021161653,0.021042169,0.020518964,0.066291877,0.026704535,0.02136,0.021097828,0.008712244
65,200,1.570796327,0.4,1,1.04889562,0.180580724,-0.399929469,1.627903022,0.0004586,-0.046442142,-0.003567471,-0.046442142,0.176939804,-0.077453756,-0.003567471,-0.077453756,0.177461991,0.001394611,-0.000466501,-0.002068358,-0.007496537,-0.006498778,0.000499942,-0.00083464,-4.85367E+12,1.95E-05,-0.000900313,-0.006213922,-0.056932636,-0.009844723,-0.056932636,0.166224496,-0.087821375,-0.009844723,-0.087821375,0.166775966,0.00138717,-0.000465697,-0.002152841,-0.007070612,-0.006427353,0.000551904,-0.000843098,-5.29092E+12,6.90E-06,-0.001101772,-0.018866447,-0.070282665,-0.014520781,-0.070282665,0.145407597,-0.106763052,-0.014520781,-0.106763052,0.146797538,0.001377256,-0.007979426,-0.001663288,-0.006283246,-0.006045767,0.000605133,-0.000878241,-6.42621E+12,-5.81E-05,-0.001555511,0.952857143,0.952857143,0.962857143,0.952857143,0.81,0.975714286,0.962857143,0.975714286,0.818571429,0.71,0.965714286,0.962857143,0.952857143,0.698571429,0.26,0.577142857,0.971428571,0.964285714,0.942857143,0.977142857,0.978571429,0.98,0.978571429,0.915714286,0.99,0.98,0.99,0.911428571,0.78,0.987142857,0.984285714,0.981428571,0.778571429,0.292857143,0.64,0.992857143,0.985714286,0.967142857,0.95,0.954285714,0.967142857,0.952857143,0.079563121,0.017549868,0.017030809,0.017549868,0.010788815,0.004933633,0.017030809,0.004933633,0.011010826,0.019121042,0.058795916,0.018701992,0.019226158,0.019081702,0.058792425,0.025516514,0.018110566,0.01890059,0.006145375,0.079178516,0.017371289,0.016862178,0.017371289,0.010328142,0.004953889,0.016862178,0.004953889,0.010556135,0.019115896,0.058783246,0.018708587,0.019220499,0.019082081,0.058799307,0.025517852,0.018106991,0.018900076,0.00615162,0.079898478,0.017119071,0.01658353,0.017119071,0.009472146,0.005053839,0.01658353,0.005053839,0.00975238,0.019113661,0.05878318,0.018851435,0.019328796,0.019136029,0.058869521,0.025534283,0.018201479,0.019039535,0.006206701
17,500,1.570796327,0.4,1,1.048872696,0.180490101,-0.40010412,1.627954547,0.003096143,-0.012752702,-0.118392864,-0.012752702,0.180340381,-0.133263506,-0.118392864,-0.133263506,0.18695562,0.00328895,0.001376136,-0.000362394,-0.000611334,-0.000433428,0.00080546,-0.001565389,7.53762E+12,-2.27E-05,-0.006285595,0.000202375,-0.017878624,-0.117739291,-0.017878624,0.173297838,-0.139428964,-0.117739291,-0.139428964,0.179474359,0.003303933,0.001283359,-0.000298367,-0.000481882,-0.000392383,0.000805462,-0.001569708,7.61273E+12,2.52E-05,-0.00647335,-0.005619376,-0.016616686,-0.118994538,-0.016616686,0.160072552,-0.150236239,-0.118994538,-0.150236239,0.165388919,0.003345158,0.000368283,-0.000490047,-0.000121062,-0.000536435,0.000697852,-0.001559732,7.62789E+12,3.36E-05,-0.006624681,0.932258065,0.958064516,0.949462366,0.958064516,0.776344086,0.955913978,0.949462366,0.955913978,0.788172043,0.864516129,0.94516129,0.94516129,0.956989247,0.877419355,0.411827957,0.8,0.961290323,0.952688172,0.938709677,0.965591398,0.982795699,0.972043011,0.982795699,0.874193548,0.978494624,0.972043011,0.978494624,0.888172043,0.919354839,0.976344086,0.969892473,0.983870968,0.920430108,0.459139785,0.85483871,0.983870968,0.979569892,0.96344086,0.956989247,0.955913978,0.950537634,0.952688172,0.055279503,0.013488582,0.014205219,0.013488582,0.010954393,0.005314393,0.014205219,0.005314393,0.011294268,0.01633168,0.041115767,0.016232287,0.016132104,0.015532812,0.041121149,0.019209644,0.015422561,0.016300041,0.008367418,0.055072,0.01343253,0.014143976,0.01343253,0.0106569,0.005358975,0.014143976,0.005358975,0.010976545,0.01633324,0.041135255,0.016235737,0.01613205,0.015537,0.041122516,0.019206123,0.015414605,0.016299134,0.008393862,0.055242035,0.013363664,0.014188478,0.013363664,0.010122917,0.005480517,0.014188478,0.005480517,0.010408945,0.016365632,0.04145108,0.016335553,0.016200019,0.015625095,0.041150286,0.01928313,0.01547208,0.016350118,0.008450384
33,500,1.570796327,0.4,1,1.048771139,0.180494897,-0.399186872,1.627960218,0.002880001,0.055680906,0.05682543,0.055680906,0.101903788,-0.078452044,0.05682543,-0.078452044,0.106690979,0.000994914,0.001925579,0.001489806,0.000978983,0.000730461,0.001295651,-0.000369456,-6.95728E+12,-0.000531292,-0.001369345,0.000231388,0.052408695,0.052447476,0.052408695,0.097289201,-0.082973746,0.052447476,-0.082973746,0.101535335,0.001007728,0.001903008,0.001511844,0.001138163,0.000759609,0.001318473,-0.000374302,-6.4865E+12,-0.000458945,-0.00147152,-0.00479199,0.053414434,0.039537798,0.053414434,0.088383166,-0.092199571,0.039537798,-0.092199571,0.090890655,0.001010277,0.001831983,0.001868651,0.001431141,0.000868539,0.001371323,-0.000366604,-5.92086E+12,-0.000292187,-0.001890479,0.943478261,0.94673913,0.961956522,0.94673913,0.859782609,0.95326087,0.961956522,0.95326087,0.860869565,0.808695652,0.932608696,0.958695652,0.947826087,0.819565217,0.307608696,0.723913043,0.964130435,0.95326087,0.964130435,0.97173913,0.972826087,0.976086957,0.972826087,0.931521739,0.97826087,0.976086957,0.97826087,0.932608696,0.854347826,0.960869565,0.977173913,0.980434783,0.87173913,0.355434783,0.783695652,0.984782609,0.973913043,0.982608696,0.95326087,0.957608696,0.936956522,0.961956522,0.052466665,0.012072163,0.011832586,0.012072163,0.007104666,0.003938079,0.011832586,0.003938079,0.007249065,0.01343854,0.043027594,0.012785426,0.01362896,0.013083753,0.042993983,0.016346028,0.012917368,0.013555702,0.005317878,0.052296108,0.012012959,0.01178416,0.012012959,0.006929449,0.003961557,0.01178416,0.003961557,0.007049429,0.013441567,0.043030546,0.012789421,0.01363185,0.013085955,0.042992962,0.016345984,0.012916298,0.013551414,0.005323998,0.052556267,0.011915528,0.011743772,0.011915528,0.006647524,0.004019988,0.011743772,0.004019988,0.006667234,0.01348533,0.043281261,0.012852507,0.013743893,0.013131003,0.043032764,0.016370326,0.013007426,0.013588753,0.005409688
65,500,1.570796327,0.4,1,1.04889562,0.180580724,-0.399929469,1.627903022,0.004034038,-0.010604663,-0.012580891,-0.010604663,0.068477528,-0.037762707,-0.012580891,-0.037762707,0.076478932,0.001133383,0.002952166,0.000471045,0.002163683,0.001708427,0.003816746,-0.00049103,1.41046E+12,0.000638097,-0.001023443,0.001667063,-0.011978534,-0.01529539,-0.011978534,0.064522397,-0.042076779,-0.01529539,-0.042076779,0.072409249,0.001124828,0.002577263,0.000604265,0.001893544,0.001692219,0.003829859,-0.000488809,1.67208E+12,0.000669025,-0.001094952,-0.001772068,-0.003607243,-0.025843113,-0.003607243,0.056945751,-0.050894778,-0.025843113,-0.050894778,0.06490865,0.001114555,-0.000611336,0.000643813,0.001600636,0.001851312,0.003882646,-0.000510575,2.77501E+12,0.000948985,-0.001749245,0.954545455,0.950909091,0.958181818,0.950909091,0.898181818,0.96,0.958181818,0.96,0.881818182,0.727272727,0.96,0.949090909,0.96,0.72,0.249090909,0.603636364,0.949090909,0.963636364,0.952727273,0.98,0.98,0.985454545,0.98,0.963636364,0.98,0.985454545,0.98,0.94,0.790909091,0.987272727,0.969090909,0.976363636,0.792727273,0.28,0.649090909,0.978181818,0.981818182,0.976363636,0.963636364,0.952727273,0.965454545,0.950909091,0.049912239,0.01053457,0.010601314,0.01053457,0.005369536,0.003158562,0.010601314,0.003158562,0.005794357,0.011731449,0.037502756,0.012306878,0.012128779,0.011648804,0.037516381,0.015866895,0.01158347,0.011902571,0.003947379,0.049731538,0.010499019,0.010554754,0.010499019,0.005236237,0.003168432,0.010554754,0.003168432,0.005650527,0.01173332,0.037480768,0.01230806,0.012129277,0.011646134,0.037515195,0.01587162,0.011588565,0.011904897,0.003949855,0.050321877,0.010512308,0.010447645,0.010512308,0.005014152,0.003223615,0.010447645,0.003223615,0.005415143,0.011784743,0.037715677,0.012356117,0.012178508,0.011650517,0.037503593,0.015952691,0.011647205,0.011939806,0.004008958
17,1000,1.570796327,0.4,1,1.048872696,0.180490101,-0.40010412,1.627954547,0.002894511,0.022941273,-0.056083251,0.022941273,0.101642699,-0.088423861,-0.056083251,-0.088423861,0.10439911,0.001943124,0.00453546,0.000160684,0.002076883,0.002594089,0.00378483,-0.000919582,4.96245E+12,0.000133304,-0.003526909,0.001370867,0.022208941,-0.056876618,0.022208941,0.098304958,-0.090527701,-0.056876618,-0.090527701,0.100716377,0.00193495,0.004490337,0.000172189,0.001961771,0.002564209,0.003789889,-0.000915143,4.95739E+12,0.000144085,-0.003585992,-0.002324627,0.02293516,-0.060500157,0.02293516,0.091590048,-0.094458279,-0.060500157,-0.094458279,0.093087451,0.001910842,0.00376233,0.000359,0.001348577,0.002456067,0.003715841,-0.000892458,5.03051E+12,9.33E-05,-0.003564994,0.947474747,0.943434343,0.954545455,0.943434343,0.850505051,0.945454545,0.954545455,0.945454545,0.850505051,0.877777778,0.934343434,0.961616162,0.953535354,0.877777778,0.422222222,0.787878788,0.957575758,0.956565657,0.932323232,0.972727273,0.96969697,0.975757576,0.96969697,0.915151515,0.974747475,0.975757576,0.974747475,0.926262626,0.914141414,0.967676768,0.977777778,0.975757576,0.918181818,0.475757576,0.841414141,0.980808081,0.97979798,0.960606061,0.953535354,0.94040404,0.931313131,0.946464646,0.037994121,0.009884748,0.010115943,0.009884748,0.006916501,0.003781635,0.010115943,0.003781635,0.007042594,0.011425702,0.029398062,0.010721452,0.011330298,0.011096635,0.029370291,0.013817002,0.011116941,0.011406077,0.005951394,0.037886533,0.009867805,0.010098296,0.009867805,0.006792678,0.003794973,0.010098296,0.003794973,0.006903339,0.011427228,0.029389217,0.010724697,0.011330397,0.011098666,0.02937258,0.013820732,0.011119784,0.011406685,0.005958259,0.038003177,0.00989049,0.010148221,0.00989049,0.006573478,0.003827218,0.010148221,0.003827218,0.006640022,0.011497449,0.029593736,0.010817549,0.011351013,0.011149515,0.029388585,0.01388872,0.011207974,0.011491159,0.005979864
33,1000,1.570796327,0.4,1,1.048771139,0.180494897,-0.399186872,1.627960218,0.001572943,0.00787418,0.014172411,0.00787418,0.051235307,-0.040113551,0.014172411,-0.040113551,0.05409873,0.000635203,-0.000789301,-0.000996683,0.001899207,0.001337733,-0.00082176,-0.000108756,-4.87335E+12,-0.000156868,-0.000719305,0.000273956,0.004047617,0.01477056,0.004047617,0.048771827,-0.042069431,0.01477056,-0.042069431,0.051536152,0.000633652,-0.000426982,-0.001001717,0.00176569,0.001317314,-0.000811504,-0.000108263,-4.84426E+12,-0.000134616,-0.000748825,-0.002133844,-0.010815066,0.015278443,-0.010815066,0.043975293,-0.045887887,0.015278443,-0.045887887,0.047128236,0.000605902,0.001382269,-0.000974063,0.001110431,0.001239245,-0.000695723,-0.000100627,-3.92256E+12,-5.77E-05,-0.000733691,0.949411765,0.964705882,0.956470588,0.964705882,0.915294118,0.947058824,0.956470588,0.947058824,0.909411765,0.823529412,0.918823529,0.969411765,0.945882353,0.815294118,0.315294118,0.704705882,0.958823529,0.96,0.958823529,0.974117647,0.982352941,0.970588235,0.982352941,0.956470588,0.972941176,0.970588235,0.972941176,0.956470588,0.868235294,0.957647059,0.983529412,0.969411765,0.86,0.358823529,0.763529412,0.975294118,0.978823529,0.975294118,0.951764706,0.958823529,0.921176471,0.958823529,0.035923237,0.007948202,0.008324139,0.007948202,0.004419299,0.002786633,0.008324139,0.002786633,0.00459502,0.009501563,0.030758474,0.00882107,0.009532405,0.009141607,0.030750232,0.01185732,0.009415697,0.009380921,0.003841858,0.035861619,0.007931204,0.008308068,0.007931204,0.004345016,0.002793021,0.008308068,0.002793021,0.00451688,0.009501032,0.030746468,0.00882239,0.009537349,0.009143513,0.030752281,0.011858365,0.009420839,0.009383891,0.003841728,0.035979794,0.007922063,0.008327286,0.007922063,0.004221011,0.002822352,0.008327286,0.002822352,0.004407763,0.00953152,0.030935316,0.008878032,0.009651245,0.009189916,0.030767286,0.011874867,0.009505434,0.009448686,0.003860508
65,1000,1.570796327,0.4,1,1.04889562,0.180580724,-0.399929469,1.627903022,0.000589857,0.012036059,0.013681666,0.012036059,0.034622512,-0.024917101,0.013681666,-0.024917101,0.034894488,0.000149944,0.00696719,-0.000830844,0.000262346,-0.001464826,0.006814151,0.000241084,-1.30897E+13,-8.90E-05,-0.00017057,-0.000866799,0.009353542,0.010606779,0.009353542,0.032721542,-0.02693148,0.010606779,-0.02693148,0.032890581,0.000147402,0.006855745,-0.000828552,0.000294359,-0.001474668,0.006822526,0.000242751,-1.31692E+13,-0.000113948,-0.00018132,-0.004315285,0.000232516,-0.000938952,0.000232516,0.028922978,-0.030610035,-0.000938952,-0.030610035,0.028929155,0.000125913,0.00493723,-0.001095768,4.22E-05,-0.00127955,0.006836348,0.000236483,-1.32147E+13,-0.000249049,-0.000127943,0.941463415,0.956097561,0.968292683,0.956097561,0.919512195,0.953658537,0.968292683,0.953658537,0.948780488,0.709756098,0.943902439,0.943902439,0.946341463,0.724390244,0.251219512,0.563414634,0.951219512,0.936585366,0.96097561,0.968292683,0.973170732,0.982926829,0.973170732,0.958536585,0.965853659,0.982926829,0.965853659,0.970731707,0.768292683,0.963414634,0.970731707,0.963414634,0.77804878,0.280487805,0.629268293,0.980487805,0.973170732,0.97804878,0.941463415,0.93902439,0.946341463,0.941463415,0.037191923,0.007502097,0.007250893,0.007502097,0.003544006,0.002204572,0.007250893,0.002204572,0.003363437,0.008539407,0.029525331,0.009023552,0.008912937,0.008538249,0.029530675,0.011806099,0.008445422,0.008468003,0.002660371,0.037133422,0.007486591,0.007233038,0.007486591,0.003493567,0.002211266,0.007233038,0.002211266,0.003308934,0.008539612,0.029529523,0.009021699,0.008904924,0.00853688,0.02953154,0.011806661,0.008443111,0.008470688,0.002660791,0.037240457,0.007508191,0.007243312,0.007508191,0.003415033,0.002249988,0.007243312,0.002249988,0.003220784,0.008550508,0.029821916,0.009020264,0.008927669,0.008556952,0.029523745,0.011823407,0.008434624,0.008484023,0.002682492